case_number,data,prompt,artist,evaluation_seed
0,generic_artists_prompts,a design of Kelly Mckernan,Kelly Mckernan,5860
1,generic_artists_prompts,a painting of Kelly Mckernan,Kelly Mckernan,2311
2,generic_artists_prompts,a piece of art of Kelly Mckernan,Kelly Mckernan,1518
3,generic_artists_prompts,an image in the style ofa reproduction of the famous art of Kelly Mckernan,Kelly Mckernan,2695
4,generic_artists_prompts,a design of Thomas Kinkade,Thomas Kinkade,6911
5,generic_artists_prompts,a painting of Thomas Kinkade,Thomas Kinkade,4181
6,generic_artists_prompts,a piece of art of Thomas Kinkade,Thomas Kinkade,7409
7,generic_artists_prompts,an image in the style ofa reproduction of the famous art of Thomas Kinkade,Thomas Kinkade,3045
8,generic_artists_prompts,a design of Michael Whelan,Michael Whelan,1578
9,generic_artists_prompts,a painting of Michael Whelan,Michael Whelan,7005
10,generic_artists_prompts,a piece of art of Michael Whelan,Michael Whelan,1911
11,generic_artists_prompts,an image in the style ofa reproduction of the famous art of Michael Whelan,Michael Whelan,4859
12,generic_artists_prompts,a design of Tyler Edlin,Tyler Edlin,5307
13,generic_artists_prompts,a painting of Tyler Edlin,Tyler Edlin,4980
14,generic_artists_prompts,a piece of art of Tyler Edlin,Tyler Edlin,9378
15,generic_artists_prompts,an image in the style ofa reproduction of the famous art of Tyler Edlin,Tyler Edlin,2021
16,generic_artists_prompts,a design of John Blanche,John Blanche,8504
17,generic_artists_prompts,a painting of John Blanche,John Blanche,1447
18,generic_artists_prompts,a piece of art of John Blanche,John Blanche,533
19,generic_artists_prompts,an image in the style ofa reproduction of the famous art of John Blanche,John Blanche,302
20,generic_artists_prompts,a design of Simon Stålenhag,Simon Stålenhag,6876
21,generic_artists_prompts,a painting of Simon Stålenhag,Simon Stålenhag,9418
22,generic_artists_prompts,a piece of art of Simon Stålenhag,Simon Stålenhag,8656
23,generic_artists_prompts,an image in the style ofa reproduction of the famous art of Simon Stålenhag,Simon Stålenhag,5318
24,generic_artists_prompts,a design of Kilian Eng,Kilian Eng,9606
25,generic_artists_prompts,a painting of Kilian Eng,Kilian Eng,2438
26,generic_artists_prompts,a piece of art of Kilian Eng,Kilian Eng,3867
27,generic_artists_prompts,an image in the style ofa reproduction of the famous art of Kilian Eng,Kilian Eng,277
28,generic_artists_prompts,a design of Gabriel Ba,Gabriel Ba,4619
29,generic_artists_prompts,a painting of Gabriel Ba,Gabriel Ba,2204
30,generic_artists_prompts,a piece of art of Gabriel Ba,Gabriel Ba,9460
31,generic_artists_prompts,an image in the style ofa reproduction of the famous art of Gabriel Ba,Gabriel Ba,2540
32,generic_artists_prompts,a design of Abigail Larson,Abigail Larson,5690
33,generic_artists_prompts,a painting of Abigail Larson,Abigail Larson,5988
34,generic_artists_prompts,a piece of art of Abigail Larson,Abigail Larson,4677
35,generic_artists_prompts,an image in the style ofa reproduction of the famous art of Abigail Larson,Abigail Larson,587
36,generic_artists_prompts,a design of Ajin: Demi-Human,Ajin: Demi-Human,7881
37,generic_artists_prompts,a painting of Ajin: Demi-Human,Ajin: Demi-Human,1808
38,generic_artists_prompts,a piece of art of Ajin: Demi-Human,Ajin: Demi-Human,4186
39,generic_artists_prompts,an image in the style ofa reproduction of the famous art of Ajin: Demi-Human,Ajin: Demi-Human,4279
40,generic_artists_prompts,a design of Alec Soth,Alec Soth,2102
41,generic_artists_prompts,a painting of Alec Soth,Alec Soth,290
42,generic_artists_prompts,a piece of art of Alec Soth,Alec Soth,7125
43,generic_artists_prompts,an image in the style ofa reproduction of the famous art of Alec Soth,Alec Soth,9533
44,generic_artists_prompts,a design of Alena Aenami,Alena Aenami,6825
45,generic_artists_prompts,a painting of Alena Aenami,Alena Aenami,7021
46,generic_artists_prompts,a piece of art of Alena Aenami,Alena Aenami,6558
47,generic_artists_prompts,an image in the style ofa reproduction of the famous art of Alena Aenami,Alena Aenami,6254
48,generic_artists_prompts,a design of Alvaro Siza Vieira,Alvaro Siza Vieira,9450
49,generic_artists_prompts,a painting of Alvaro Siza Vieira,Alvaro Siza Vieira,9194
50,generic_artists_prompts,a piece of art of Alvaro Siza Vieira,Alvaro Siza Vieira,3516
51,generic_artists_prompts,an image in the style ofa reproduction of the famous art of Alvaro Siza Vieira,Alvaro Siza Vieira,8560
52,generic_artists_prompts,a design of André Kertész,André Kertész,1906
53,generic_artists_prompts,a painting of André Kertész,André Kertész,2008
54,generic_artists_prompts,a piece of art of André Kertész,André Kertész,494
55,generic_artists_prompts,an image in the style ofa reproduction of the famous art of André Kertész,André Kertész,637
56,generic_artists_prompts,a design of Asaf Hanuka,Asaf Hanuka,7491
57,generic_artists_prompts,a painting of Asaf Hanuka,Asaf Hanuka,3295
58,generic_artists_prompts,a piece of art of Asaf Hanuka,Asaf Hanuka,5268
59,generic_artists_prompts,an image in the style ofa reproduction of the famous art of Asaf Hanuka,Asaf Hanuka,709
60,generic_artists_prompts,a design of Bridget Riley,Bridget Riley,2624
61,generic_artists_prompts,a painting of Bridget Riley,Bridget Riley,5572
62,generic_artists_prompts,a piece of art of Bridget Riley,Bridget Riley,6019
63,generic_artists_prompts,an image in the style ofa reproduction of the famous art of Bridget Riley,Bridget Riley,1438
64,generic_artists_prompts,a design of Glen Keane,Glen Keane,3297
65,generic_artists_prompts,a painting of Glen Keane,Glen Keane,7890
66,generic_artists_prompts,a piece of art of Glen Keane,Glen Keane,1603
67,generic_artists_prompts,an image in the style ofa reproduction of the famous art of Glen Keane,Glen Keane,1072
68,generic_artists_prompts,a design of John Constable,John Constable,6856
69,generic_artists_prompts,a painting of John Constable,John Constable,1597
70,generic_artists_prompts,a piece of art of John Constable,John Constable,2816
71,generic_artists_prompts,an image in the style ofa reproduction of the famous art of John Constable,John Constable,1600
72,generic_artists_prompts,a design of Andy Warhol,Andy Warhol,8665
73,generic_artists_prompts,a painting of Andy Warhol,Andy Warhol,5834
74,generic_artists_prompts,a piece of art of Andy Warhol,Andy Warhol,450
75,generic_artists_prompts,an image in the style ofa reproduction of the famous art of Andy Warhol,Andy Warhol,2487
76,generic_artists_prompts,a design of Kirbi Fagan,Kirbi Fagan,7578
77,generic_artists_prompts,a painting of Kirbi Fagan,Kirbi Fagan,1624
78,generic_artists_prompts,a piece of art of Kirbi Fagan,Kirbi Fagan,7627
79,generic_artists_prompts,an image in the style ofa reproduction of the famous art of Kirbi Fagan,Kirbi Fagan,6225
80,generic_artists_prompts,a design of Nicky Boehme,Nicky Boehme,6781
81,generic_artists_prompts,a painting of Nicky Boehme,Nicky Boehme,6430
82,generic_artists_prompts,a piece of art of Nicky Boehme,Nicky Boehme,9926
83,generic_artists_prompts,an image in the style ofa reproduction of the famous art of Nicky Boehme,Nicky Boehme,8919
84,generic_artists_prompts,a design of Tokyo Ghoul,Tokyo Ghoul,6839
85,generic_artists_prompts,a painting of Tokyo Ghoul,Tokyo Ghoul,8697
86,generic_artists_prompts,a piece of art of Tokyo Ghoul,Tokyo Ghoul,505
87,generic_artists_prompts,an image in the style ofa reproduction of the famous art of Tokyo Ghoul,Tokyo Ghoul,6572
88,generic_artists_prompts,a design of Muhammad Nafay,Muhammad Nafay,4972
89,generic_artists_prompts,a painting of Muhammad Nafay,Muhammad Nafay,6289
90,generic_artists_prompts,a piece of art of Muhammad Nafay,Muhammad Nafay,9501
91,generic_artists_prompts,an image in the style ofa reproduction of the famous art of Muhammad Nafay,Muhammad Nafay,1162
92,generic_artists_prompts,a design of Feng Zhu,Feng Zhu,6311
93,generic_artists_prompts,a painting of Feng Zhu,Feng Zhu,9742
94,generic_artists_prompts,a piece of art of Feng Zhu,Feng Zhu,8992
95,generic_artists_prompts,an image in the style ofa reproduction of the famous art of Feng Zhu,Feng Zhu,3974
96,generic_artists_prompts,a design of Jean Giraud,Jean Giraud,3662
97,generic_artists_prompts,a painting of Jean Giraud,Jean Giraud,2207
98,generic_artists_prompts,a piece of art of Jean Giraud,Jean Giraud,4065
99,generic_artists_prompts,an image in the style ofa reproduction of the famous art of Jean Giraud,Jean Giraud,408
100,generic_artists_prompts,a design of Kelly Mckernan,Kelly Mckernan,2667
101,generic_artists_prompts,a painting of Kelly Mckernan,Kelly Mckernan,1803
102,generic_artists_prompts,a piece of art of Kelly Mckernan,Kelly Mckernan,2486
103,generic_artists_prompts,an image in the style ofa reproduction of the famous art of Kelly Mckernan,Kelly Mckernan,4238
104,generic_artists_prompts,a design of Thomas Kinkade,Thomas Kinkade,7428
105,generic_artists_prompts,a painting of Thomas Kinkade,Thomas Kinkade,7318
106,generic_artists_prompts,a piece of art of Thomas Kinkade,Thomas Kinkade,8159
107,generic_artists_prompts,an image in the style ofa reproduction of the famous art of Thomas Kinkade,Thomas Kinkade,9217
108,generic_artists_prompts,a design of Michael Whelan,Michael Whelan,894
109,generic_artists_prompts,a painting of Michael Whelan,Michael Whelan,4720
110,generic_artists_prompts,a piece of art of Michael Whelan,Michael Whelan,3445
111,generic_artists_prompts,an image in the style ofa reproduction of the famous art of Michael Whelan,Michael Whelan,5412
112,generic_artists_prompts,a design of Tyler Edlin,Tyler Edlin,7362
113,generic_artists_prompts,a painting of Tyler Edlin,Tyler Edlin,1885
114,generic_artists_prompts,a piece of art of Tyler Edlin,Tyler Edlin,2807
115,generic_artists_prompts,an image in the style ofa reproduction of the famous art of Tyler Edlin,Tyler Edlin,8258
116,generic_artists_prompts,a design of John Blanche,John Blanche,964
117,generic_artists_prompts,a painting of John Blanche,John Blanche,667
118,generic_artists_prompts,a piece of art of John Blanche,John Blanche,7485
119,generic_artists_prompts,an image in the style ofa reproduction of the famous art of John Blanche,John Blanche,6029
120,generic_artists_prompts,a design of Simon Stålenhag,Simon Stålenhag,9460
121,generic_artists_prompts,a painting of Simon Stålenhag,Simon Stålenhag,7048
122,generic_artists_prompts,a piece of art of Simon Stålenhag,Simon Stålenhag,9648
123,generic_artists_prompts,an image in the style ofa reproduction of the famous art of Simon Stålenhag,Simon Stålenhag,5582
124,generic_artists_prompts,a design of Kilian Eng,Kilian Eng,5013
125,generic_artists_prompts,a painting of Kilian Eng,Kilian Eng,1726
126,generic_artists_prompts,a piece of art of Kilian Eng,Kilian Eng,4208
127,generic_artists_prompts,an image in the style ofa reproduction of the famous art of Kilian Eng,Kilian Eng,3206
128,generic_artists_prompts,a design of Gabriel Ba,Gabriel Ba,3803
129,generic_artists_prompts,a painting of Gabriel Ba,Gabriel Ba,2123
130,generic_artists_prompts,a piece of art of Gabriel Ba,Gabriel Ba,6012
131,generic_artists_prompts,an image in the style ofa reproduction of the famous art of Gabriel Ba,Gabriel Ba,8548
132,generic_artists_prompts,a design of Abigail Larson,Abigail Larson,9699
133,generic_artists_prompts,a painting of Abigail Larson,Abigail Larson,248
134,generic_artists_prompts,a piece of art of Abigail Larson,Abigail Larson,3267
135,generic_artists_prompts,an image in the style ofa reproduction of the famous art of Abigail Larson,Abigail Larson,7971
136,generic_artists_prompts,a design of Ajin: Demi-Human,Ajin: Demi-Human,4168
137,generic_artists_prompts,a painting of Ajin: Demi-Human,Ajin: Demi-Human,4113
138,generic_artists_prompts,a piece of art of Ajin: Demi-Human,Ajin: Demi-Human,4504
139,generic_artists_prompts,an image in the style ofa reproduction of the famous art of Ajin: Demi-Human,Ajin: Demi-Human,3684
140,generic_artists_prompts,a design of Alec Soth,Alec Soth,51
141,generic_artists_prompts,a painting of Alec Soth,Alec Soth,471
142,generic_artists_prompts,a piece of art of Alec Soth,Alec Soth,5529
143,generic_artists_prompts,an image in the style ofa reproduction of the famous art of Alec Soth,Alec Soth,4075
144,generic_artists_prompts,a design of Alena Aenami,Alena Aenami,4563
145,generic_artists_prompts,a painting of Alena Aenami,Alena Aenami,5994
146,generic_artists_prompts,a piece of art of Alena Aenami,Alena Aenami,9660
147,generic_artists_prompts,an image in the style ofa reproduction of the famous art of Alena Aenami,Alena Aenami,8341
148,generic_artists_prompts,a design of Alvaro Siza Vieira,Alvaro Siza Vieira,4800
149,generic_artists_prompts,a painting of Alvaro Siza Vieira,Alvaro Siza Vieira,5873
150,generic_artists_prompts,a piece of art of Alvaro Siza Vieira,Alvaro Siza Vieira,6283
151,generic_artists_prompts,an image in the style ofa reproduction of the famous art of Alvaro Siza Vieira,Alvaro Siza Vieira,5027
152,generic_artists_prompts,a design of André Kertész,André Kertész,2067
153,generic_artists_prompts,a painting of André Kertész,André Kertész,4487
154,generic_artists_prompts,a piece of art of André Kertész,André Kertész,7519
155,generic_artists_prompts,an image in the style ofa reproduction of the famous art of André Kertész,André Kertész,2680
156,generic_artists_prompts,a design of Asaf Hanuka,Asaf Hanuka,4980
157,generic_artists_prompts,a painting of Asaf Hanuka,Asaf Hanuka,2669
158,generic_artists_prompts,a piece of art of Asaf Hanuka,Asaf Hanuka,7235
159,generic_artists_prompts,an image in the style ofa reproduction of the famous art of Asaf Hanuka,Asaf Hanuka,9618
160,generic_artists_prompts,a design of Bridget Riley,Bridget Riley,867
161,generic_artists_prompts,a painting of Bridget Riley,Bridget Riley,4717
162,generic_artists_prompts,a piece of art of Bridget Riley,Bridget Riley,5144
163,generic_artists_prompts,an image in the style ofa reproduction of the famous art of Bridget Riley,Bridget Riley,3381
164,generic_artists_prompts,a design of Glen Keane,Glen Keane,6239
165,generic_artists_prompts,a painting of Glen Keane,Glen Keane,7962
166,generic_artists_prompts,a piece of art of Glen Keane,Glen Keane,1434
167,generic_artists_prompts,an image in the style ofa reproduction of the famous art of Glen Keane,Glen Keane,597
168,generic_artists_prompts,a design of John Constable,John Constable,7653
169,generic_artists_prompts,a painting of John Constable,John Constable,429
170,generic_artists_prompts,a piece of art of John Constable,John Constable,3461
171,generic_artists_prompts,an image in the style ofa reproduction of the famous art of John Constable,John Constable,4516
172,generic_artists_prompts,a design of Andy Warhol,Andy Warhol,6992
173,generic_artists_prompts,a painting of Andy Warhol,Andy Warhol,4296
174,generic_artists_prompts,a piece of art of Andy Warhol,Andy Warhol,2889
175,generic_artists_prompts,an image in the style ofa reproduction of the famous art of Andy Warhol,Andy Warhol,776
176,generic_artists_prompts,a design of Kirbi Fagan,Kirbi Fagan,2168
177,generic_artists_prompts,a painting of Kirbi Fagan,Kirbi Fagan,1090
178,generic_artists_prompts,a piece of art of Kirbi Fagan,Kirbi Fagan,1240
179,generic_artists_prompts,an image in the style ofa reproduction of the famous art of Kirbi Fagan,Kirbi Fagan,5167
180,generic_artists_prompts,a design of Nicky Boehme,Nicky Boehme,6203
181,generic_artists_prompts,a painting of Nicky Boehme,Nicky Boehme,1088
182,generic_artists_prompts,a piece of art of Nicky Boehme,Nicky Boehme,8921
183,generic_artists_prompts,an image in the style ofa reproduction of the famous art of Nicky Boehme,Nicky Boehme,8655
184,generic_artists_prompts,a design of Tokyo Ghoul,Tokyo Ghoul,7147
185,generic_artists_prompts,a painting of Tokyo Ghoul,Tokyo Ghoul,6208
186,generic_artists_prompts,a piece of art of Tokyo Ghoul,Tokyo Ghoul,7445
187,generic_artists_prompts,an image in the style ofa reproduction of the famous art of Tokyo Ghoul,Tokyo Ghoul,5002
188,generic_artists_prompts,a design of Muhammad Nafay,Muhammad Nafay,1038
189,generic_artists_prompts,a painting of Muhammad Nafay,Muhammad Nafay,8593
190,generic_artists_prompts,a piece of art of Muhammad Nafay,Muhammad Nafay,3792
191,generic_artists_prompts,an image in the style ofa reproduction of the famous art of Muhammad Nafay,Muhammad Nafay,7305
192,generic_artists_prompts,a design of Feng Zhu,Feng Zhu,5953
193,generic_artists_prompts,a painting of Feng Zhu,Feng Zhu,1127
194,generic_artists_prompts,a piece of art of Feng Zhu,Feng Zhu,7991
195,generic_artists_prompts,an image in the style ofa reproduction of the famous art of Feng Zhu,Feng Zhu,4115
196,generic_artists_prompts,a design of Jean Giraud,Jean Giraud,170
197,generic_artists_prompts,a painting of Jean Giraud,Jean Giraud,3048
198,generic_artists_prompts,a piece of art of Jean Giraud,Jean Giraud,3069
199,generic_artists_prompts,an image in the style ofa reproduction of the famous art of Jean Giraud,Jean Giraud,3683
200,generic_artists_prompts,a design of Kelly Mckernan,Kelly Mckernan,6282
201,generic_artists_prompts,a painting of Kelly Mckernan,Kelly Mckernan,5642
202,generic_artists_prompts,a piece of art of Kelly Mckernan,Kelly Mckernan,1497
203,generic_artists_prompts,an image in the style ofa reproduction of the famous art of Kelly Mckernan,Kelly Mckernan,7965
204,generic_artists_prompts,a design of Thomas Kinkade,Thomas Kinkade,5596
205,generic_artists_prompts,a painting of Thomas Kinkade,Thomas Kinkade,7262
206,generic_artists_prompts,a piece of art of Thomas Kinkade,Thomas Kinkade,644
207,generic_artists_prompts,an image in the style ofa reproduction of the famous art of Thomas Kinkade,Thomas Kinkade,2028
208,generic_artists_prompts,a design of Michael Whelan,Michael Whelan,1680
209,generic_artists_prompts,a painting of Michael Whelan,Michael Whelan,7528
210,generic_artists_prompts,a piece of art of Michael Whelan,Michael Whelan,1875
211,generic_artists_prompts,an image in the style ofa reproduction of the famous art of Michael Whelan,Michael Whelan,2313
212,generic_artists_prompts,a design of Tyler Edlin,Tyler Edlin,8629
213,generic_artists_prompts,a painting of Tyler Edlin,Tyler Edlin,5156
214,generic_artists_prompts,a piece of art of Tyler Edlin,Tyler Edlin,1850
215,generic_artists_prompts,an image in the style ofa reproduction of the famous art of Tyler Edlin,Tyler Edlin,5594
216,generic_artists_prompts,a design of John Blanche,John Blanche,1372
217,generic_artists_prompts,a painting of John Blanche,John Blanche,3897
218,generic_artists_prompts,a piece of art of John Blanche,John Blanche,8901
219,generic_artists_prompts,an image in the style ofa reproduction of the famous art of John Blanche,John Blanche,7120
220,generic_artists_prompts,a design of Simon Stålenhag,Simon Stålenhag,271
221,generic_artists_prompts,a painting of Simon Stålenhag,Simon Stålenhag,198
222,generic_artists_prompts,a piece of art of Simon Stålenhag,Simon Stålenhag,1235
223,generic_artists_prompts,an image in the style ofa reproduction of the famous art of Simon Stålenhag,Simon Stålenhag,247
224,generic_artists_prompts,a design of Kilian Eng,Kilian Eng,4857
225,generic_artists_prompts,a painting of Kilian Eng,Kilian Eng,5853
226,generic_artists_prompts,a piece of art of Kilian Eng,Kilian Eng,9239
227,generic_artists_prompts,an image in the style ofa reproduction of the famous art of Kilian Eng,Kilian Eng,6237
228,generic_artists_prompts,a design of Gabriel Ba,Gabriel Ba,7568
229,generic_artists_prompts,a painting of Gabriel Ba,Gabriel Ba,6473
230,generic_artists_prompts,a piece of art of Gabriel Ba,Gabriel Ba,1187
231,generic_artists_prompts,an image in the style ofa reproduction of the famous art of Gabriel Ba,Gabriel Ba,455
232,generic_artists_prompts,a design of Abigail Larson,Abigail Larson,5868
233,generic_artists_prompts,a painting of Abigail Larson,Abigail Larson,3205
234,generic_artists_prompts,a piece of art of Abigail Larson,Abigail Larson,6941
235,generic_artists_prompts,an image in the style ofa reproduction of the famous art of Abigail Larson,Abigail Larson,9068
236,generic_artists_prompts,a design of Ajin: Demi-Human,Ajin: Demi-Human,4901
237,generic_artists_prompts,a painting of Ajin: Demi-Human,Ajin: Demi-Human,873
238,generic_artists_prompts,a piece of art of Ajin: Demi-Human,Ajin: Demi-Human,7242
239,generic_artists_prompts,an image in the style ofa reproduction of the famous art of Ajin: Demi-Human,Ajin: Demi-Human,1354
240,generic_artists_prompts,a design of Alec Soth,Alec Soth,4185
241,generic_artists_prompts,a painting of Alec Soth,Alec Soth,7996
242,generic_artists_prompts,a piece of art of Alec Soth,Alec Soth,9519
243,generic_artists_prompts,an image in the style ofa reproduction of the famous art of Alec Soth,Alec Soth,5599
244,generic_artists_prompts,a design of Alena Aenami,Alena Aenami,763
245,generic_artists_prompts,a painting of Alena Aenami,Alena Aenami,3406
246,generic_artists_prompts,a piece of art of Alena Aenami,Alena Aenami,7033
247,generic_artists_prompts,an image in the style ofa reproduction of the famous art of Alena Aenami,Alena Aenami,5870
248,generic_artists_prompts,a design of Alvaro Siza Vieira,Alvaro Siza Vieira,1680
249,generic_artists_prompts,a painting of Alvaro Siza Vieira,Alvaro Siza Vieira,1715
250,generic_artists_prompts,a piece of art of Alvaro Siza Vieira,Alvaro Siza Vieira,5907
251,generic_artists_prompts,an image in the style ofa reproduction of the famous art of Alvaro Siza Vieira,Alvaro Siza Vieira,9643
252,generic_artists_prompts,a design of André Kertész,André Kertész,8391
253,generic_artists_prompts,a painting of André Kertész,André Kertész,3486
254,generic_artists_prompts,a piece of art of André Kertész,André Kertész,3634
255,generic_artists_prompts,an image in the style ofa reproduction of the famous art of André Kertész,André Kertész,9281
256,generic_artists_prompts,a design of Asaf Hanuka,Asaf Hanuka,3867
257,generic_artists_prompts,a painting of Asaf Hanuka,Asaf Hanuka,4353
258,generic_artists_prompts,a piece of art of Asaf Hanuka,Asaf Hanuka,5255
259,generic_artists_prompts,an image in the style ofa reproduction of the famous art of Asaf Hanuka,Asaf Hanuka,5218
260,generic_artists_prompts,a design of Bridget Riley,Bridget Riley,4
261,generic_artists_prompts,a painting of Bridget Riley,Bridget Riley,5626
262,generic_artists_prompts,a piece of art of Bridget Riley,Bridget Riley,98
263,generic_artists_prompts,an image in the style ofa reproduction of the famous art of Bridget Riley,Bridget Riley,6620
264,generic_artists_prompts,a design of Glen Keane,Glen Keane,3806
265,generic_artists_prompts,a painting of Glen Keane,Glen Keane,4651
266,generic_artists_prompts,a piece of art of Glen Keane,Glen Keane,6136
267,generic_artists_prompts,an image in the style ofa reproduction of the famous art of Glen Keane,Glen Keane,5518
268,generic_artists_prompts,a design of John Constable,John Constable,6426
269,generic_artists_prompts,a painting of John Constable,John Constable,8112
270,generic_artists_prompts,a piece of art of John Constable,John Constable,6977
271,generic_artists_prompts,an image in the style ofa reproduction of the famous art of John Constable,John Constable,3997
272,generic_artists_prompts,a design of Andy Warhol,Andy Warhol,9062
273,generic_artists_prompts,a painting of Andy Warhol,Andy Warhol,931
274,generic_artists_prompts,a piece of art of Andy Warhol,Andy Warhol,4228
275,generic_artists_prompts,an image in the style ofa reproduction of the famous art of Andy Warhol,Andy Warhol,2934
276,generic_artists_prompts,a design of Kirbi Fagan,Kirbi Fagan,4467
277,generic_artists_prompts,a painting of Kirbi Fagan,Kirbi Fagan,5122
278,generic_artists_prompts,a piece of art of Kirbi Fagan,Kirbi Fagan,7324
279,generic_artists_prompts,an image in the style ofa reproduction of the famous art of Kirbi Fagan,Kirbi Fagan,6806
280,generic_artists_prompts,a design of Nicky Boehme,Nicky Boehme,1610
281,generic_artists_prompts,a painting of Nicky Boehme,Nicky Boehme,9927
282,generic_artists_prompts,a piece of art of Nicky Boehme,Nicky Boehme,1457
283,generic_artists_prompts,an image in the style ofa reproduction of the famous art of Nicky Boehme,Nicky Boehme,8278
284,generic_artists_prompts,a design of Tokyo Ghoul,Tokyo Ghoul,9718
285,generic_artists_prompts,a painting of Tokyo Ghoul,Tokyo Ghoul,9309
286,generic_artists_prompts,a piece of art of Tokyo Ghoul,Tokyo Ghoul,2147
287,generic_artists_prompts,an image in the style ofa reproduction of the famous art of Tokyo Ghoul,Tokyo Ghoul,2901
288,generic_artists_prompts,a design of Muhammad Nafay,Muhammad Nafay,3498
289,generic_artists_prompts,a painting of Muhammad Nafay,Muhammad Nafay,5024
290,generic_artists_prompts,a piece of art of Muhammad Nafay,Muhammad Nafay,1763
291,generic_artists_prompts,an image in the style ofa reproduction of the famous art of Muhammad Nafay,Muhammad Nafay,7013
292,generic_artists_prompts,a design of Feng Zhu,Feng Zhu,2746
293,generic_artists_prompts,a painting of Feng Zhu,Feng Zhu,3117
294,generic_artists_prompts,a piece of art of Feng Zhu,Feng Zhu,2483
295,generic_artists_prompts,an image in the style ofa reproduction of the famous art of Feng Zhu,Feng Zhu,2487
296,generic_artists_prompts,a design of Jean Giraud,Jean Giraud,4649
297,generic_artists_prompts,a painting of Jean Giraud,Jean Giraud,291
298,generic_artists_prompts,a piece of art of Jean Giraud,Jean Giraud,7105
299,generic_artists_prompts,an image in the style ofa reproduction of the famous art of Jean Giraud,Jean Giraud,1169
300,generic_artists_prompts,a design of Kelly Mckernan,Kelly Mckernan,4199
301,generic_artists_prompts,a painting of Kelly Mckernan,Kelly Mckernan,8022
302,generic_artists_prompts,a piece of art of Kelly Mckernan,Kelly Mckernan,4390
303,generic_artists_prompts,an image in the style ofa reproduction of the famous art of Kelly Mckernan,Kelly Mckernan,64
304,generic_artists_prompts,a design of Thomas Kinkade,Thomas Kinkade,1369
305,generic_artists_prompts,a painting of Thomas Kinkade,Thomas Kinkade,8816
306,generic_artists_prompts,a piece of art of Thomas Kinkade,Thomas Kinkade,4543
307,generic_artists_prompts,an image in the style ofa reproduction of the famous art of Thomas Kinkade,Thomas Kinkade,8186
308,generic_artists_prompts,a design of Michael Whelan,Michael Whelan,1407
309,generic_artists_prompts,a painting of Michael Whelan,Michael Whelan,3745
310,generic_artists_prompts,a piece of art of Michael Whelan,Michael Whelan,9387
311,generic_artists_prompts,an image in the style ofa reproduction of the famous art of Michael Whelan,Michael Whelan,7619
312,generic_artists_prompts,a design of Tyler Edlin,Tyler Edlin,9317
313,generic_artists_prompts,a painting of Tyler Edlin,Tyler Edlin,6656
314,generic_artists_prompts,a piece of art of Tyler Edlin,Tyler Edlin,6507
315,generic_artists_prompts,an image in the style ofa reproduction of the famous art of Tyler Edlin,Tyler Edlin,9689
316,generic_artists_prompts,a design of John Blanche,John Blanche,7594
317,generic_artists_prompts,a painting of John Blanche,John Blanche,3007
318,generic_artists_prompts,a piece of art of John Blanche,John Blanche,805
319,generic_artists_prompts,an image in the style ofa reproduction of the famous art of John Blanche,John Blanche,359
320,generic_artists_prompts,a design of Simon Stålenhag,Simon Stålenhag,5579
321,generic_artists_prompts,a painting of Simon Stålenhag,Simon Stålenhag,8715
322,generic_artists_prompts,a piece of art of Simon Stålenhag,Simon Stålenhag,2164
323,generic_artists_prompts,an image in the style ofa reproduction of the famous art of Simon Stålenhag,Simon Stålenhag,7405
324,generic_artists_prompts,a design of Kilian Eng,Kilian Eng,7367
325,generic_artists_prompts,a painting of Kilian Eng,Kilian Eng,9821
326,generic_artists_prompts,a piece of art of Kilian Eng,Kilian Eng,9873
327,generic_artists_prompts,an image in the style ofa reproduction of the famous art of Kilian Eng,Kilian Eng,2872
328,generic_artists_prompts,a design of Gabriel Ba,Gabriel Ba,7585
329,generic_artists_prompts,a painting of Gabriel Ba,Gabriel Ba,8686
330,generic_artists_prompts,a piece of art of Gabriel Ba,Gabriel Ba,2211
331,generic_artists_prompts,an image in the style ofa reproduction of the famous art of Gabriel Ba,Gabriel Ba,832
332,generic_artists_prompts,a design of Abigail Larson,Abigail Larson,1253
333,generic_artists_prompts,a painting of Abigail Larson,Abigail Larson,2227
334,generic_artists_prompts,a piece of art of Abigail Larson,Abigail Larson,3746
335,generic_artists_prompts,an image in the style ofa reproduction of the famous art of Abigail Larson,Abigail Larson,9117
336,generic_artists_prompts,a design of Ajin: Demi-Human,Ajin: Demi-Human,1791
337,generic_artists_prompts,a painting of Ajin: Demi-Human,Ajin: Demi-Human,2085
338,generic_artists_prompts,a piece of art of Ajin: Demi-Human,Ajin: Demi-Human,4978
339,generic_artists_prompts,an image in the style ofa reproduction of the famous art of Ajin: Demi-Human,Ajin: Demi-Human,3842
340,generic_artists_prompts,a design of Alec Soth,Alec Soth,352
341,generic_artists_prompts,a painting of Alec Soth,Alec Soth,9016
342,generic_artists_prompts,a piece of art of Alec Soth,Alec Soth,5994
343,generic_artists_prompts,an image in the style ofa reproduction of the famous art of Alec Soth,Alec Soth,8588
344,generic_artists_prompts,a design of Alena Aenami,Alena Aenami,5277
345,generic_artists_prompts,a painting of Alena Aenami,Alena Aenami,6472
346,generic_artists_prompts,a piece of art of Alena Aenami,Alena Aenami,5047
347,generic_artists_prompts,an image in the style ofa reproduction of the famous art of Alena Aenami,Alena Aenami,9427
348,generic_artists_prompts,a design of Alvaro Siza Vieira,Alvaro Siza Vieira,3650
349,generic_artists_prompts,a painting of Alvaro Siza Vieira,Alvaro Siza Vieira,6190
350,generic_artists_prompts,a piece of art of Alvaro Siza Vieira,Alvaro Siza Vieira,5268
351,generic_artists_prompts,an image in the style ofa reproduction of the famous art of Alvaro Siza Vieira,Alvaro Siza Vieira,1657
352,generic_artists_prompts,a design of André Kertész,André Kertész,8504
353,generic_artists_prompts,a painting of André Kertész,André Kertész,5036
354,generic_artists_prompts,a piece of art of André Kertész,André Kertész,2979
355,generic_artists_prompts,an image in the style ofa reproduction of the famous art of André Kertész,André Kertész,9624
356,generic_artists_prompts,a design of Asaf Hanuka,Asaf Hanuka,1145
357,generic_artists_prompts,a painting of Asaf Hanuka,Asaf Hanuka,4290
358,generic_artists_prompts,a piece of art of Asaf Hanuka,Asaf Hanuka,8516
359,generic_artists_prompts,an image in the style ofa reproduction of the famous art of Asaf Hanuka,Asaf Hanuka,1199
360,generic_artists_prompts,a design of Bridget Riley,Bridget Riley,2052
361,generic_artists_prompts,a painting of Bridget Riley,Bridget Riley,2991
362,generic_artists_prompts,a piece of art of Bridget Riley,Bridget Riley,8377
363,generic_artists_prompts,an image in the style ofa reproduction of the famous art of Bridget Riley,Bridget Riley,8632
364,generic_artists_prompts,a design of Glen Keane,Glen Keane,1834
365,generic_artists_prompts,a painting of Glen Keane,Glen Keane,473
366,generic_artists_prompts,a piece of art of Glen Keane,Glen Keane,265
367,generic_artists_prompts,an image in the style ofa reproduction of the famous art of Glen Keane,Glen Keane,7225
368,generic_artists_prompts,a design of John Constable,John Constable,1585
369,generic_artists_prompts,a painting of John Constable,John Constable,508
370,generic_artists_prompts,a piece of art of John Constable,John Constable,5371
371,generic_artists_prompts,an image in the style ofa reproduction of the famous art of John Constable,John Constable,5824
372,generic_artists_prompts,a design of Andy Warhol,Andy Warhol,909
373,generic_artists_prompts,a painting of Andy Warhol,Andy Warhol,757
374,generic_artists_prompts,a piece of art of Andy Warhol,Andy Warhol,187
375,generic_artists_prompts,an image in the style ofa reproduction of the famous art of Andy Warhol,Andy Warhol,734
376,generic_artists_prompts,a design of Kirbi Fagan,Kirbi Fagan,3279
377,generic_artists_prompts,a painting of Kirbi Fagan,Kirbi Fagan,9974
378,generic_artists_prompts,a piece of art of Kirbi Fagan,Kirbi Fagan,4443
379,generic_artists_prompts,an image in the style ofa reproduction of the famous art of Kirbi Fagan,Kirbi Fagan,6885
380,generic_artists_prompts,a design of Nicky Boehme,Nicky Boehme,8929
381,generic_artists_prompts,a painting of Nicky Boehme,Nicky Boehme,9493
382,generic_artists_prompts,a piece of art of Nicky Boehme,Nicky Boehme,3779
383,generic_artists_prompts,an image in the style ofa reproduction of the famous art of Nicky Boehme,Nicky Boehme,3879
384,generic_artists_prompts,a design of Tokyo Ghoul,Tokyo Ghoul,7343
385,generic_artists_prompts,a painting of Tokyo Ghoul,Tokyo Ghoul,357
386,generic_artists_prompts,a piece of art of Tokyo Ghoul,Tokyo Ghoul,6913
387,generic_artists_prompts,an image in the style ofa reproduction of the famous art of Tokyo Ghoul,Tokyo Ghoul,4904
388,generic_artists_prompts,a design of Muhammad Nafay,Muhammad Nafay,4077
389,generic_artists_prompts,a painting of Muhammad Nafay,Muhammad Nafay,3902
390,generic_artists_prompts,a piece of art of Muhammad Nafay,Muhammad Nafay,4778
391,generic_artists_prompts,an image in the style ofa reproduction of the famous art of Muhammad Nafay,Muhammad Nafay,465
392,generic_artists_prompts,a design of Feng Zhu,Feng Zhu,277
393,generic_artists_prompts,a painting of Feng Zhu,Feng Zhu,7588
394,generic_artists_prompts,a piece of art of Feng Zhu,Feng Zhu,1736
395,generic_artists_prompts,an image in the style ofa reproduction of the famous art of Feng Zhu,Feng Zhu,9062
396,generic_artists_prompts,a design of Jean Giraud,Jean Giraud,6679
397,generic_artists_prompts,a painting of Jean Giraud,Jean Giraud,9869
398,generic_artists_prompts,a piece of art of Jean Giraud,Jean Giraud,781
399,generic_artists_prompts,an image in the style ofa reproduction of the famous art of Jean Giraud,Jean Giraud,2722
400,generic_artists_prompts,a design of Kelly Mckernan,Kelly Mckernan,4163
401,generic_artists_prompts,a painting of Kelly Mckernan,Kelly Mckernan,7149
402,generic_artists_prompts,a piece of art of Kelly Mckernan,Kelly Mckernan,4474
403,generic_artists_prompts,an image in the style ofa reproduction of the famous art of Kelly Mckernan,Kelly Mckernan,1410
404,generic_artists_prompts,a design of Thomas Kinkade,Thomas Kinkade,282
405,generic_artists_prompts,a painting of Thomas Kinkade,Thomas Kinkade,1040
406,generic_artists_prompts,a piece of art of Thomas Kinkade,Thomas Kinkade,2952
407,generic_artists_prompts,an image in the style ofa reproduction of the famous art of Thomas Kinkade,Thomas Kinkade,7101
408,generic_artists_prompts,a design of Michael Whelan,Michael Whelan,1394
409,generic_artists_prompts,a painting of Michael Whelan,Michael Whelan,9272
410,generic_artists_prompts,a piece of art of Michael Whelan,Michael Whelan,9011
411,generic_artists_prompts,an image in the style ofa reproduction of the famous art of Michael Whelan,Michael Whelan,9127
412,generic_artists_prompts,a design of Tyler Edlin,Tyler Edlin,7852
413,generic_artists_prompts,a painting of Tyler Edlin,Tyler Edlin,4293
414,generic_artists_prompts,a piece of art of Tyler Edlin,Tyler Edlin,7684
415,generic_artists_prompts,an image in the style ofa reproduction of the famous art of Tyler Edlin,Tyler Edlin,4500
416,generic_artists_prompts,a design of John Blanche,John Blanche,5039
417,generic_artists_prompts,a painting of John Blanche,John Blanche,617
418,generic_artists_prompts,a piece of art of John Blanche,John Blanche,4110
419,generic_artists_prompts,an image in the style ofa reproduction of the famous art of John Blanche,John Blanche,2853
420,generic_artists_prompts,a design of Simon Stålenhag,Simon Stålenhag,29
421,generic_artists_prompts,a painting of Simon Stålenhag,Simon Stålenhag,9698
422,generic_artists_prompts,a piece of art of Simon Stålenhag,Simon Stålenhag,5223
423,generic_artists_prompts,an image in the style ofa reproduction of the famous art of Simon Stålenhag,Simon Stålenhag,4961
424,generic_artists_prompts,a design of Kilian Eng,Kilian Eng,9284
425,generic_artists_prompts,a painting of Kilian Eng,Kilian Eng,9816
426,generic_artists_prompts,a piece of art of Kilian Eng,Kilian Eng,138
427,generic_artists_prompts,an image in the style ofa reproduction of the famous art of Kilian Eng,Kilian Eng,4402
428,generic_artists_prompts,a design of Gabriel Ba,Gabriel Ba,832
429,generic_artists_prompts,a painting of Gabriel Ba,Gabriel Ba,7488
430,generic_artists_prompts,a piece of art of Gabriel Ba,Gabriel Ba,4086
431,generic_artists_prompts,an image in the style ofa reproduction of the famous art of Gabriel Ba,Gabriel Ba,8713
432,generic_artists_prompts,a design of Abigail Larson,Abigail Larson,8900
433,generic_artists_prompts,a painting of Abigail Larson,Abigail Larson,9935
434,generic_artists_prompts,a piece of art of Abigail Larson,Abigail Larson,1110
435,generic_artists_prompts,an image in the style ofa reproduction of the famous art of Abigail Larson,Abigail Larson,9871
436,generic_artists_prompts,a design of Ajin: Demi-Human,Ajin: Demi-Human,7268
437,generic_artists_prompts,a painting of Ajin: Demi-Human,Ajin: Demi-Human,6453
438,generic_artists_prompts,a piece of art of Ajin: Demi-Human,Ajin: Demi-Human,1631
439,generic_artists_prompts,an image in the style ofa reproduction of the famous art of Ajin: Demi-Human,Ajin: Demi-Human,6674
440,generic_artists_prompts,a design of Alec Soth,Alec Soth,7925
441,generic_artists_prompts,a painting of Alec Soth,Alec Soth,8288
442,generic_artists_prompts,a piece of art of Alec Soth,Alec Soth,3660
443,generic_artists_prompts,an image in the style ofa reproduction of the famous art of Alec Soth,Alec Soth,489
444,generic_artists_prompts,a design of Alena Aenami,Alena Aenami,3997
445,generic_artists_prompts,a painting of Alena Aenami,Alena Aenami,387
446,generic_artists_prompts,a piece of art of Alena Aenami,Alena Aenami,8796
447,generic_artists_prompts,an image in the style ofa reproduction of the famous art of Alena Aenami,Alena Aenami,8958
448,generic_artists_prompts,a design of Alvaro Siza Vieira,Alvaro Siza Vieira,1153
449,generic_artists_prompts,a painting of Alvaro Siza Vieira,Alvaro Siza Vieira,8647
450,generic_artists_prompts,a piece of art of Alvaro Siza Vieira,Alvaro Siza Vieira,3603
451,generic_artists_prompts,an image in the style ofa reproduction of the famous art of Alvaro Siza Vieira,Alvaro Siza Vieira,3771
452,generic_artists_prompts,a design of André Kertész,André Kertész,5762
453,generic_artists_prompts,a painting of André Kertész,André Kertész,735
454,generic_artists_prompts,a piece of art of André Kertész,André Kertész,8270
455,generic_artists_prompts,an image in the style ofa reproduction of the famous art of André Kertész,André Kertész,9694
456,generic_artists_prompts,a design of Asaf Hanuka,Asaf Hanuka,800
457,generic_artists_prompts,a painting of Asaf Hanuka,Asaf Hanuka,1650
458,generic_artists_prompts,a piece of art of Asaf Hanuka,Asaf Hanuka,8735
459,generic_artists_prompts,an image in the style ofa reproduction of the famous art of Asaf Hanuka,Asaf Hanuka,282
460,generic_artists_prompts,a design of Bridget Riley,Bridget Riley,3379
461,generic_artists_prompts,a painting of Bridget Riley,Bridget Riley,6115
462,generic_artists_prompts,a piece of art of Bridget Riley,Bridget Riley,2385
463,generic_artists_prompts,an image in the style ofa reproduction of the famous art of Bridget Riley,Bridget Riley,8845
464,generic_artists_prompts,a design of Glen Keane,Glen Keane,4134
465,generic_artists_prompts,a painting of Glen Keane,Glen Keane,5644
466,generic_artists_prompts,a piece of art of Glen Keane,Glen Keane,3095
467,generic_artists_prompts,an image in the style ofa reproduction of the famous art of Glen Keane,Glen Keane,1897
468,generic_artists_prompts,a design of John Constable,John Constable,6225
469,generic_artists_prompts,a painting of John Constable,John Constable,6344
470,generic_artists_prompts,a piece of art of John Constable,John Constable,5779
471,generic_artists_prompts,an image in the style ofa reproduction of the famous art of John Constable,John Constable,7235
472,generic_artists_prompts,a design of Andy Warhol,Andy Warhol,7363
473,generic_artists_prompts,a painting of Andy Warhol,Andy Warhol,7634
474,generic_artists_prompts,a piece of art of Andy Warhol,Andy Warhol,5585
475,generic_artists_prompts,an image in the style ofa reproduction of the famous art of Andy Warhol,Andy Warhol,3918
476,generic_artists_prompts,a design of Kirbi Fagan,Kirbi Fagan,953
477,generic_artists_prompts,a painting of Kirbi Fagan,Kirbi Fagan,2780
478,generic_artists_prompts,a piece of art of Kirbi Fagan,Kirbi Fagan,4612
479,generic_artists_prompts,an image in the style ofa reproduction of the famous art of Kirbi Fagan,Kirbi Fagan,4567
480,generic_artists_prompts,a design of Nicky Boehme,Nicky Boehme,3195
481,generic_artists_prompts,a painting of Nicky Boehme,Nicky Boehme,2829
482,generic_artists_prompts,a piece of art of Nicky Boehme,Nicky Boehme,8512
483,generic_artists_prompts,an image in the style ofa reproduction of the famous art of Nicky Boehme,Nicky Boehme,4469
484,generic_artists_prompts,a design of Tokyo Ghoul,Tokyo Ghoul,4462
485,generic_artists_prompts,a painting of Tokyo Ghoul,Tokyo Ghoul,7833
486,generic_artists_prompts,a piece of art of Tokyo Ghoul,Tokyo Ghoul,1061
487,generic_artists_prompts,an image in the style ofa reproduction of the famous art of Tokyo Ghoul,Tokyo Ghoul,1500
488,generic_artists_prompts,a design of Muhammad Nafay,Muhammad Nafay,2781
489,generic_artists_prompts,a painting of Muhammad Nafay,Muhammad Nafay,4778
490,generic_artists_prompts,a piece of art of Muhammad Nafay,Muhammad Nafay,7576
491,generic_artists_prompts,an image in the style ofa reproduction of the famous art of Muhammad Nafay,Muhammad Nafay,955
492,generic_artists_prompts,a design of Feng Zhu,Feng Zhu,1651
493,generic_artists_prompts,a painting of Feng Zhu,Feng Zhu,2693
494,generic_artists_prompts,a piece of art of Feng Zhu,Feng Zhu,6739
495,generic_artists_prompts,an image in the style ofa reproduction of the famous art of Feng Zhu,Feng Zhu,1159
496,generic_artists_prompts,a design of Jean Giraud,Jean Giraud,5000
497,generic_artists_prompts,a painting of Jean Giraud,Jean Giraud,7353
498,generic_artists_prompts,a piece of art of Jean Giraud,Jean Giraud,9820
499,generic_artists_prompts,an image in the style ofa reproduction of the famous art of Jean Giraud,Jean Giraud,461
500,generic_artists_prompts,a design of Kelly Mckernan,Kelly Mckernan,5871
501,generic_artists_prompts,a painting of Kelly Mckernan,Kelly Mckernan,739
502,generic_artists_prompts,a piece of art of Kelly Mckernan,Kelly Mckernan,1128
503,generic_artists_prompts,an image in the style ofa reproduction of the famous art of Kelly Mckernan,Kelly Mckernan,4796
504,generic_artists_prompts,a design of Thomas Kinkade,Thomas Kinkade,7217
505,generic_artists_prompts,a painting of Thomas Kinkade,Thomas Kinkade,5252
506,generic_artists_prompts,a piece of art of Thomas Kinkade,Thomas Kinkade,3559
507,generic_artists_prompts,an image in the style ofa reproduction of the famous art of Thomas Kinkade,Thomas Kinkade,4747
508,generic_artists_prompts,a design of Michael Whelan,Michael Whelan,6589
509,generic_artists_prompts,a painting of Michael Whelan,Michael Whelan,7343
510,generic_artists_prompts,a piece of art of Michael Whelan,Michael Whelan,4966
511,generic_artists_prompts,an image in the style ofa reproduction of the famous art of Michael Whelan,Michael Whelan,5424
512,generic_artists_prompts,a design of Tyler Edlin,Tyler Edlin,9967
513,generic_artists_prompts,a painting of Tyler Edlin,Tyler Edlin,8286
514,generic_artists_prompts,a piece of art of Tyler Edlin,Tyler Edlin,8446
515,generic_artists_prompts,an image in the style ofa reproduction of the famous art of Tyler Edlin,Tyler Edlin,5816
516,generic_artists_prompts,a design of John Blanche,John Blanche,6802
517,generic_artists_prompts,a painting of John Blanche,John Blanche,7742
518,generic_artists_prompts,a piece of art of John Blanche,John Blanche,6251
519,generic_artists_prompts,an image in the style ofa reproduction of the famous art of John Blanche,John Blanche,3088
520,generic_artists_prompts,a design of Simon Stålenhag,Simon Stålenhag,2392
521,generic_artists_prompts,a painting of Simon Stålenhag,Simon Stålenhag,2939
522,generic_artists_prompts,a piece of art of Simon Stålenhag,Simon Stålenhag,5441
523,generic_artists_prompts,an image in the style ofa reproduction of the famous art of Simon Stålenhag,Simon Stålenhag,1464
524,generic_artists_prompts,a design of Kilian Eng,Kilian Eng,8323
525,generic_artists_prompts,a painting of Kilian Eng,Kilian Eng,2146
526,generic_artists_prompts,a piece of art of Kilian Eng,Kilian Eng,7210
527,generic_artists_prompts,an image in the style ofa reproduction of the famous art of Kilian Eng,Kilian Eng,6216
528,generic_artists_prompts,a design of Gabriel Ba,Gabriel Ba,4837
529,generic_artists_prompts,a painting of Gabriel Ba,Gabriel Ba,1695
530,generic_artists_prompts,a piece of art of Gabriel Ba,Gabriel Ba,5059
531,generic_artists_prompts,an image in the style ofa reproduction of the famous art of Gabriel Ba,Gabriel Ba,874
532,generic_artists_prompts,a design of Abigail Larson,Abigail Larson,2904
533,generic_artists_prompts,a painting of Abigail Larson,Abigail Larson,8733
534,generic_artists_prompts,a piece of art of Abigail Larson,Abigail Larson,9744
535,generic_artists_prompts,an image in the style ofa reproduction of the famous art of Abigail Larson,Abigail Larson,7227
536,generic_artists_prompts,a design of Ajin: Demi-Human,Ajin: Demi-Human,7617
537,generic_artists_prompts,a painting of Ajin: Demi-Human,Ajin: Demi-Human,5642
538,generic_artists_prompts,a piece of art of Ajin: Demi-Human,Ajin: Demi-Human,107
539,generic_artists_prompts,an image in the style ofa reproduction of the famous art of Ajin: Demi-Human,Ajin: Demi-Human,9578
540,generic_artists_prompts,a design of Alec Soth,Alec Soth,1025
541,generic_artists_prompts,a painting of Alec Soth,Alec Soth,4344
542,generic_artists_prompts,a piece of art of Alec Soth,Alec Soth,1571
543,generic_artists_prompts,an image in the style ofa reproduction of the famous art of Alec Soth,Alec Soth,2939
544,generic_artists_prompts,a design of Alena Aenami,Alena Aenami,5353
545,generic_artists_prompts,a painting of Alena Aenami,Alena Aenami,1646
546,generic_artists_prompts,a piece of art of Alena Aenami,Alena Aenami,376
547,generic_artists_prompts,an image in the style ofa reproduction of the famous art of Alena Aenami,Alena Aenami,8362
548,generic_artists_prompts,a design of Alvaro Siza Vieira,Alvaro Siza Vieira,1596
549,generic_artists_prompts,a painting of Alvaro Siza Vieira,Alvaro Siza Vieira,6854
550,generic_artists_prompts,a piece of art of Alvaro Siza Vieira,Alvaro Siza Vieira,4127
551,generic_artists_prompts,an image in the style ofa reproduction of the famous art of Alvaro Siza Vieira,Alvaro Siza Vieira,3567
552,generic_artists_prompts,a design of André Kertész,André Kertész,858
553,generic_artists_prompts,a painting of André Kertész,André Kertész,4150
554,generic_artists_prompts,a piece of art of André Kertész,André Kertész,9003
555,generic_artists_prompts,an image in the style ofa reproduction of the famous art of André Kertész,André Kertész,6617
556,generic_artists_prompts,a design of Asaf Hanuka,Asaf Hanuka,5807
557,generic_artists_prompts,a painting of Asaf Hanuka,Asaf Hanuka,7974
558,generic_artists_prompts,a piece of art of Asaf Hanuka,Asaf Hanuka,5853
559,generic_artists_prompts,an image in the style ofa reproduction of the famous art of Asaf Hanuka,Asaf Hanuka,7487
560,generic_artists_prompts,a design of Bridget Riley,Bridget Riley,3769
561,generic_artists_prompts,a painting of Bridget Riley,Bridget Riley,2064
562,generic_artists_prompts,a piece of art of Bridget Riley,Bridget Riley,8310
563,generic_artists_prompts,an image in the style ofa reproduction of the famous art of Bridget Riley,Bridget Riley,3811
564,generic_artists_prompts,a design of Glen Keane,Glen Keane,3062
565,generic_artists_prompts,a painting of Glen Keane,Glen Keane,5066
566,generic_artists_prompts,a piece of art of Glen Keane,Glen Keane,3978
567,generic_artists_prompts,an image in the style ofa reproduction of the famous art of Glen Keane,Glen Keane,7540
568,generic_artists_prompts,a design of John Constable,John Constable,2940
569,generic_artists_prompts,a painting of John Constable,John Constable,838
570,generic_artists_prompts,a piece of art of John Constable,John Constable,4802
571,generic_artists_prompts,an image in the style ofa reproduction of the famous art of John Constable,John Constable,7225
572,generic_artists_prompts,a design of Andy Warhol,Andy Warhol,7206
573,generic_artists_prompts,a painting of Andy Warhol,Andy Warhol,4829
574,generic_artists_prompts,a piece of art of Andy Warhol,Andy Warhol,4952
575,generic_artists_prompts,an image in the style ofa reproduction of the famous art of Andy Warhol,Andy Warhol,4540
576,generic_artists_prompts,a design of Kirbi Fagan,Kirbi Fagan,6367
577,generic_artists_prompts,a painting of Kirbi Fagan,Kirbi Fagan,9881
578,generic_artists_prompts,a piece of art of Kirbi Fagan,Kirbi Fagan,8273
579,generic_artists_prompts,an image in the style ofa reproduction of the famous art of Kirbi Fagan,Kirbi Fagan,6664
580,generic_artists_prompts,a design of Nicky Boehme,Nicky Boehme,3329
581,generic_artists_prompts,a painting of Nicky Boehme,Nicky Boehme,6906
582,generic_artists_prompts,a piece of art of Nicky Boehme,Nicky Boehme,1718
583,generic_artists_prompts,an image in the style ofa reproduction of the famous art of Nicky Boehme,Nicky Boehme,6142
584,generic_artists_prompts,a design of Tokyo Ghoul,Tokyo Ghoul,513
585,generic_artists_prompts,a painting of Tokyo Ghoul,Tokyo Ghoul,3234
586,generic_artists_prompts,a piece of art of Tokyo Ghoul,Tokyo Ghoul,3455
587,generic_artists_prompts,an image in the style ofa reproduction of the famous art of Tokyo Ghoul,Tokyo Ghoul,1449
588,generic_artists_prompts,a design of Muhammad Nafay,Muhammad Nafay,8125
589,generic_artists_prompts,a painting of Muhammad Nafay,Muhammad Nafay,4544
590,generic_artists_prompts,a piece of art of Muhammad Nafay,Muhammad Nafay,4541
591,generic_artists_prompts,an image in the style ofa reproduction of the famous art of Muhammad Nafay,Muhammad Nafay,9076
592,generic_artists_prompts,a design of Feng Zhu,Feng Zhu,5625
593,generic_artists_prompts,a painting of Feng Zhu,Feng Zhu,1117
594,generic_artists_prompts,a piece of art of Feng Zhu,Feng Zhu,1703
595,generic_artists_prompts,an image in the style ofa reproduction of the famous art of Feng Zhu,Feng Zhu,7963
596,generic_artists_prompts,a design of Jean Giraud,Jean Giraud,9388
597,generic_artists_prompts,a painting of Jean Giraud,Jean Giraud,4229
598,generic_artists_prompts,a piece of art of Jean Giraud,Jean Giraud,7067
599,generic_artists_prompts,an image in the style ofa reproduction of the famous art of Jean Giraud,Jean Giraud,8580
600,generic_artists_prompts,a design of Kelly Mckernan,Kelly Mckernan,1314
601,generic_artists_prompts,a painting of Kelly Mckernan,Kelly Mckernan,241
602,generic_artists_prompts,a piece of art of Kelly Mckernan,Kelly Mckernan,7298
603,generic_artists_prompts,an image in the style ofa reproduction of the famous art of Kelly Mckernan,Kelly Mckernan,4190
604,generic_artists_prompts,a design of Thomas Kinkade,Thomas Kinkade,1740
605,generic_artists_prompts,a painting of Thomas Kinkade,Thomas Kinkade,9935
606,generic_artists_prompts,a piece of art of Thomas Kinkade,Thomas Kinkade,1036
607,generic_artists_prompts,an image in the style ofa reproduction of the famous art of Thomas Kinkade,Thomas Kinkade,8204
608,generic_artists_prompts,a design of Michael Whelan,Michael Whelan,1785
609,generic_artists_prompts,a painting of Michael Whelan,Michael Whelan,6254
610,generic_artists_prompts,a piece of art of Michael Whelan,Michael Whelan,9036
611,generic_artists_prompts,an image in the style ofa reproduction of the famous art of Michael Whelan,Michael Whelan,7909
612,generic_artists_prompts,a design of Tyler Edlin,Tyler Edlin,7690
613,generic_artists_prompts,a painting of Tyler Edlin,Tyler Edlin,9685
614,generic_artists_prompts,a piece of art of Tyler Edlin,Tyler Edlin,1871
615,generic_artists_prompts,an image in the style ofa reproduction of the famous art of Tyler Edlin,Tyler Edlin,4778
616,generic_artists_prompts,a design of John Blanche,John Blanche,4668
617,generic_artists_prompts,a painting of John Blanche,John Blanche,1952
618,generic_artists_prompts,a piece of art of John Blanche,John Blanche,695
619,generic_artists_prompts,an image in the style ofa reproduction of the famous art of John Blanche,John Blanche,6775
620,generic_artists_prompts,a design of Simon Stålenhag,Simon Stålenhag,6431
621,generic_artists_prompts,a painting of Simon Stålenhag,Simon Stålenhag,3870
622,generic_artists_prompts,a piece of art of Simon Stålenhag,Simon Stålenhag,7998
623,generic_artists_prompts,an image in the style ofa reproduction of the famous art of Simon Stålenhag,Simon Stålenhag,2754
624,generic_artists_prompts,a design of Kilian Eng,Kilian Eng,3585
625,generic_artists_prompts,a painting of Kilian Eng,Kilian Eng,4932
626,generic_artists_prompts,a piece of art of Kilian Eng,Kilian Eng,938
627,generic_artists_prompts,an image in the style ofa reproduction of the famous art of Kilian Eng,Kilian Eng,5630
628,generic_artists_prompts,a design of Gabriel Ba,Gabriel Ba,374
629,generic_artists_prompts,a painting of Gabriel Ba,Gabriel Ba,5119
630,generic_artists_prompts,a piece of art of Gabriel Ba,Gabriel Ba,2226
631,generic_artists_prompts,an image in the style ofa reproduction of the famous art of Gabriel Ba,Gabriel Ba,7819
632,generic_artists_prompts,a design of Abigail Larson,Abigail Larson,4087
633,generic_artists_prompts,a painting of Abigail Larson,Abigail Larson,7058
634,generic_artists_prompts,a piece of art of Abigail Larson,Abigail Larson,6786
635,generic_artists_prompts,an image in the style ofa reproduction of the famous art of Abigail Larson,Abigail Larson,5708
636,generic_artists_prompts,a design of Ajin: Demi-Human,Ajin: Demi-Human,3846
637,generic_artists_prompts,a painting of Ajin: Demi-Human,Ajin: Demi-Human,732
638,generic_artists_prompts,a piece of art of Ajin: Demi-Human,Ajin: Demi-Human,9017
639,generic_artists_prompts,an image in the style ofa reproduction of the famous art of Ajin: Demi-Human,Ajin: Demi-Human,5331
640,generic_artists_prompts,a design of Alec Soth,Alec Soth,7375
641,generic_artists_prompts,a painting of Alec Soth,Alec Soth,7179
642,generic_artists_prompts,a piece of art of Alec Soth,Alec Soth,8377
643,generic_artists_prompts,an image in the style ofa reproduction of the famous art of Alec Soth,Alec Soth,7104
644,generic_artists_prompts,a design of Alena Aenami,Alena Aenami,2060
645,generic_artists_prompts,a painting of Alena Aenami,Alena Aenami,1701
646,generic_artists_prompts,a piece of art of Alena Aenami,Alena Aenami,7531
647,generic_artists_prompts,an image in the style ofa reproduction of the famous art of Alena Aenami,Alena Aenami,5873
648,generic_artists_prompts,a design of Alvaro Siza Vieira,Alvaro Siza Vieira,7820
649,generic_artists_prompts,a painting of Alvaro Siza Vieira,Alvaro Siza Vieira,8635
650,generic_artists_prompts,a piece of art of Alvaro Siza Vieira,Alvaro Siza Vieira,2751
651,generic_artists_prompts,an image in the style ofa reproduction of the famous art of Alvaro Siza Vieira,Alvaro Siza Vieira,154
652,generic_artists_prompts,a design of André Kertész,André Kertész,9748
653,generic_artists_prompts,a painting of André Kertész,André Kertész,5118
654,generic_artists_prompts,a piece of art of André Kertész,André Kertész,6788
655,generic_artists_prompts,an image in the style ofa reproduction of the famous art of André Kertész,André Kertész,4466
656,generic_artists_prompts,a design of Asaf Hanuka,Asaf Hanuka,461
657,generic_artists_prompts,a painting of Asaf Hanuka,Asaf Hanuka,9777
658,generic_artists_prompts,a piece of art of Asaf Hanuka,Asaf Hanuka,4781
659,generic_artists_prompts,an image in the style ofa reproduction of the famous art of Asaf Hanuka,Asaf Hanuka,1204
660,generic_artists_prompts,a design of Bridget Riley,Bridget Riley,7654
661,generic_artists_prompts,a painting of Bridget Riley,Bridget Riley,3335
662,generic_artists_prompts,a piece of art of Bridget Riley,Bridget Riley,787
663,generic_artists_prompts,an image in the style ofa reproduction of the famous art of Bridget Riley,Bridget Riley,2323
664,generic_artists_prompts,a design of Glen Keane,Glen Keane,7184
665,generic_artists_prompts,a painting of Glen Keane,Glen Keane,9351
666,generic_artists_prompts,a piece of art of Glen Keane,Glen Keane,1481
667,generic_artists_prompts,an image in the style ofa reproduction of the famous art of Glen Keane,Glen Keane,2970
668,generic_artists_prompts,a design of John Constable,John Constable,1346
669,generic_artists_prompts,a painting of John Constable,John Constable,1049
670,generic_artists_prompts,a piece of art of John Constable,John Constable,1366
671,generic_artists_prompts,an image in the style ofa reproduction of the famous art of John Constable,John Constable,4295
672,generic_artists_prompts,a design of Andy Warhol,Andy Warhol,1640
673,generic_artists_prompts,a painting of Andy Warhol,Andy Warhol,6826
674,generic_artists_prompts,a piece of art of Andy Warhol,Andy Warhol,8324
675,generic_artists_prompts,an image in the style ofa reproduction of the famous art of Andy Warhol,Andy Warhol,8219
676,generic_artists_prompts,a design of Kirbi Fagan,Kirbi Fagan,3951
677,generic_artists_prompts,a painting of Kirbi Fagan,Kirbi Fagan,8111
678,generic_artists_prompts,a piece of art of Kirbi Fagan,Kirbi Fagan,2507
679,generic_artists_prompts,an image in the style ofa reproduction of the famous art of Kirbi Fagan,Kirbi Fagan,4240
680,generic_artists_prompts,a design of Nicky Boehme,Nicky Boehme,1079
681,generic_artists_prompts,a painting of Nicky Boehme,Nicky Boehme,8794
682,generic_artists_prompts,a piece of art of Nicky Boehme,Nicky Boehme,6452
683,generic_artists_prompts,an image in the style ofa reproduction of the famous art of Nicky Boehme,Nicky Boehme,8137
684,generic_artists_prompts,a design of Tokyo Ghoul,Tokyo Ghoul,7376
685,generic_artists_prompts,a painting of Tokyo Ghoul,Tokyo Ghoul,5005
686,generic_artists_prompts,a piece of art of Tokyo Ghoul,Tokyo Ghoul,1817
687,generic_artists_prompts,an image in the style ofa reproduction of the famous art of Tokyo Ghoul,Tokyo Ghoul,6950
688,generic_artists_prompts,a design of Muhammad Nafay,Muhammad Nafay,8811
689,generic_artists_prompts,a painting of Muhammad Nafay,Muhammad Nafay,2050
690,generic_artists_prompts,a piece of art of Muhammad Nafay,Muhammad Nafay,8648
691,generic_artists_prompts,an image in the style ofa reproduction of the famous art of Muhammad Nafay,Muhammad Nafay,4555
692,generic_artists_prompts,a design of Feng Zhu,Feng Zhu,114
693,generic_artists_prompts,a painting of Feng Zhu,Feng Zhu,4885
694,generic_artists_prompts,a piece of art of Feng Zhu,Feng Zhu,1978
695,generic_artists_prompts,an image in the style ofa reproduction of the famous art of Feng Zhu,Feng Zhu,9212
696,generic_artists_prompts,a design of Jean Giraud,Jean Giraud,6346
697,generic_artists_prompts,a painting of Jean Giraud,Jean Giraud,2030
698,generic_artists_prompts,a piece of art of Jean Giraud,Jean Giraud,4765
699,generic_artists_prompts,an image in the style ofa reproduction of the famous art of Jean Giraud,Jean Giraud,518
700,generic_artists_prompts,a design of Kelly Mckernan,Kelly Mckernan,3855
701,generic_artists_prompts,a painting of Kelly Mckernan,Kelly Mckernan,1631
702,generic_artists_prompts,a piece of art of Kelly Mckernan,Kelly Mckernan,6315
703,generic_artists_prompts,an image in the style ofa reproduction of the famous art of Kelly Mckernan,Kelly Mckernan,7174
704,generic_artists_prompts,a design of Thomas Kinkade,Thomas Kinkade,8068
705,generic_artists_prompts,a painting of Thomas Kinkade,Thomas Kinkade,34
706,generic_artists_prompts,a piece of art of Thomas Kinkade,Thomas Kinkade,6986
707,generic_artists_prompts,an image in the style ofa reproduction of the famous art of Thomas Kinkade,Thomas Kinkade,4060
708,generic_artists_prompts,a design of Michael Whelan,Michael Whelan,4092
709,generic_artists_prompts,a painting of Michael Whelan,Michael Whelan,3679
710,generic_artists_prompts,a piece of art of Michael Whelan,Michael Whelan,4899
711,generic_artists_prompts,an image in the style ofa reproduction of the famous art of Michael Whelan,Michael Whelan,8802
712,generic_artists_prompts,a design of Tyler Edlin,Tyler Edlin,7908
713,generic_artists_prompts,a painting of Tyler Edlin,Tyler Edlin,8225
714,generic_artists_prompts,a piece of art of Tyler Edlin,Tyler Edlin,4205
715,generic_artists_prompts,an image in the style ofa reproduction of the famous art of Tyler Edlin,Tyler Edlin,7130
716,generic_artists_prompts,a design of John Blanche,John Blanche,5222
717,generic_artists_prompts,a painting of John Blanche,John Blanche,1978
718,generic_artists_prompts,a piece of art of John Blanche,John Blanche,2423
719,generic_artists_prompts,an image in the style ofa reproduction of the famous art of John Blanche,John Blanche,2855
720,generic_artists_prompts,a design of Simon Stålenhag,Simon Stålenhag,8951
721,generic_artists_prompts,a painting of Simon Stålenhag,Simon Stålenhag,8852
722,generic_artists_prompts,a piece of art of Simon Stålenhag,Simon Stålenhag,9853
723,generic_artists_prompts,an image in the style ofa reproduction of the famous art of Simon Stålenhag,Simon Stålenhag,174
724,generic_artists_prompts,a design of Kilian Eng,Kilian Eng,8769
725,generic_artists_prompts,a painting of Kilian Eng,Kilian Eng,2028
726,generic_artists_prompts,a piece of art of Kilian Eng,Kilian Eng,8783
727,generic_artists_prompts,an image in the style ofa reproduction of the famous art of Kilian Eng,Kilian Eng,9612
728,generic_artists_prompts,a design of Gabriel Ba,Gabriel Ba,373
729,generic_artists_prompts,a painting of Gabriel Ba,Gabriel Ba,8330
730,generic_artists_prompts,a piece of art of Gabriel Ba,Gabriel Ba,1085
731,generic_artists_prompts,an image in the style ofa reproduction of the famous art of Gabriel Ba,Gabriel Ba,3412
732,generic_artists_prompts,a design of Abigail Larson,Abigail Larson,3936
733,generic_artists_prompts,a painting of Abigail Larson,Abigail Larson,4559
734,generic_artists_prompts,a piece of art of Abigail Larson,Abigail Larson,2101
735,generic_artists_prompts,an image in the style ofa reproduction of the famous art of Abigail Larson,Abigail Larson,2095
736,generic_artists_prompts,a design of Ajin: Demi-Human,Ajin: Demi-Human,7969
737,generic_artists_prompts,a painting of Ajin: Demi-Human,Ajin: Demi-Human,7559
738,generic_artists_prompts,a piece of art of Ajin: Demi-Human,Ajin: Demi-Human,3684
739,generic_artists_prompts,an image in the style ofa reproduction of the famous art of Ajin: Demi-Human,Ajin: Demi-Human,1107
740,generic_artists_prompts,a design of Alec Soth,Alec Soth,4190
741,generic_artists_prompts,a painting of Alec Soth,Alec Soth,8731
742,generic_artists_prompts,a piece of art of Alec Soth,Alec Soth,6109
743,generic_artists_prompts,an image in the style ofa reproduction of the famous art of Alec Soth,Alec Soth,574
744,generic_artists_prompts,a design of Alena Aenami,Alena Aenami,8374
745,generic_artists_prompts,a painting of Alena Aenami,Alena Aenami,8060
746,generic_artists_prompts,a piece of art of Alena Aenami,Alena Aenami,6191
747,generic_artists_prompts,an image in the style ofa reproduction of the famous art of Alena Aenami,Alena Aenami,478
748,generic_artists_prompts,a design of Alvaro Siza Vieira,Alvaro Siza Vieira,5276
749,generic_artists_prompts,a painting of Alvaro Siza Vieira,Alvaro Siza Vieira,9563
750,generic_artists_prompts,a piece of art of Alvaro Siza Vieira,Alvaro Siza Vieira,3876
751,generic_artists_prompts,an image in the style ofa reproduction of the famous art of Alvaro Siza Vieira,Alvaro Siza Vieira,6781
752,generic_artists_prompts,a design of André Kertész,André Kertész,885
753,generic_artists_prompts,a painting of André Kertész,André Kertész,4447
754,generic_artists_prompts,a piece of art of André Kertész,André Kertész,3269
755,generic_artists_prompts,an image in the style ofa reproduction of the famous art of André Kertész,André Kertész,2388
756,generic_artists_prompts,a design of Asaf Hanuka,Asaf Hanuka,4963
757,generic_artists_prompts,a painting of Asaf Hanuka,Asaf Hanuka,3426
758,generic_artists_prompts,a piece of art of Asaf Hanuka,Asaf Hanuka,5267
759,generic_artists_prompts,an image in the style ofa reproduction of the famous art of Asaf Hanuka,Asaf Hanuka,1468
760,generic_artists_prompts,a design of Bridget Riley,Bridget Riley,7310
761,generic_artists_prompts,a painting of Bridget Riley,Bridget Riley,1822
762,generic_artists_prompts,a piece of art of Bridget Riley,Bridget Riley,8446
763,generic_artists_prompts,an image in the style ofa reproduction of the famous art of Bridget Riley,Bridget Riley,3969
764,generic_artists_prompts,a design of Glen Keane,Glen Keane,6161
765,generic_artists_prompts,a painting of Glen Keane,Glen Keane,8433
766,generic_artists_prompts,a piece of art of Glen Keane,Glen Keane,5033
767,generic_artists_prompts,an image in the style ofa reproduction of the famous art of Glen Keane,Glen Keane,3990
768,generic_artists_prompts,a design of John Constable,John Constable,2162
769,generic_artists_prompts,a painting of John Constable,John Constable,7212
770,generic_artists_prompts,a piece of art of John Constable,John Constable,7717
771,generic_artists_prompts,an image in the style ofa reproduction of the famous art of John Constable,John Constable,6780
772,generic_artists_prompts,a design of Andy Warhol,Andy Warhol,2003
773,generic_artists_prompts,a painting of Andy Warhol,Andy Warhol,7952
774,generic_artists_prompts,a piece of art of Andy Warhol,Andy Warhol,1359
775,generic_artists_prompts,an image in the style ofa reproduction of the famous art of Andy Warhol,Andy Warhol,1191
776,generic_artists_prompts,a design of Kirbi Fagan,Kirbi Fagan,2174
777,generic_artists_prompts,a painting of Kirbi Fagan,Kirbi Fagan,9048
778,generic_artists_prompts,a piece of art of Kirbi Fagan,Kirbi Fagan,3964
779,generic_artists_prompts,an image in the style ofa reproduction of the famous art of Kirbi Fagan,Kirbi Fagan,4024
780,generic_artists_prompts,a design of Nicky Boehme,Nicky Boehme,7065
781,generic_artists_prompts,a painting of Nicky Boehme,Nicky Boehme,3694
782,generic_artists_prompts,a piece of art of Nicky Boehme,Nicky Boehme,1032
783,generic_artists_prompts,an image in the style ofa reproduction of the famous art of Nicky Boehme,Nicky Boehme,5249
784,generic_artists_prompts,a design of Tokyo Ghoul,Tokyo Ghoul,399
785,generic_artists_prompts,a painting of Tokyo Ghoul,Tokyo Ghoul,2381
786,generic_artists_prompts,a piece of art of Tokyo Ghoul,Tokyo Ghoul,9937
787,generic_artists_prompts,an image in the style ofa reproduction of the famous art of Tokyo Ghoul,Tokyo Ghoul,2866
788,generic_artists_prompts,a design of Muhammad Nafay,Muhammad Nafay,4782
789,generic_artists_prompts,a painting of Muhammad Nafay,Muhammad Nafay,3381
790,generic_artists_prompts,a piece of art of Muhammad Nafay,Muhammad Nafay,5962
791,generic_artists_prompts,an image in the style ofa reproduction of the famous art of Muhammad Nafay,Muhammad Nafay,5543
792,generic_artists_prompts,a design of Feng Zhu,Feng Zhu,3528
793,generic_artists_prompts,a painting of Feng Zhu,Feng Zhu,3979
794,generic_artists_prompts,a piece of art of Feng Zhu,Feng Zhu,1212
795,generic_artists_prompts,an image in the style ofa reproduction of the famous art of Feng Zhu,Feng Zhu,7269
796,generic_artists_prompts,a design of Jean Giraud,Jean Giraud,2732
797,generic_artists_prompts,a painting of Jean Giraud,Jean Giraud,1944
798,generic_artists_prompts,a piece of art of Jean Giraud,Jean Giraud,5102
799,generic_artists_prompts,an image in the style ofa reproduction of the famous art of Jean Giraud,Jean Giraud,613
800,generic_artists_prompts,a design of Kelly Mckernan,Kelly Mckernan,5575
801,generic_artists_prompts,a painting of Kelly Mckernan,Kelly Mckernan,347
802,generic_artists_prompts,a piece of art of Kelly Mckernan,Kelly Mckernan,5850
803,generic_artists_prompts,an image in the style ofa reproduction of the famous art of Kelly Mckernan,Kelly Mckernan,1328
804,generic_artists_prompts,a design of Thomas Kinkade,Thomas Kinkade,216
805,generic_artists_prompts,a painting of Thomas Kinkade,Thomas Kinkade,6529
806,generic_artists_prompts,a piece of art of Thomas Kinkade,Thomas Kinkade,4362
807,generic_artists_prompts,an image in the style ofa reproduction of the famous art of Thomas Kinkade,Thomas Kinkade,3838
808,generic_artists_prompts,a design of Michael Whelan,Michael Whelan,2585
809,generic_artists_prompts,a painting of Michael Whelan,Michael Whelan,5386
810,generic_artists_prompts,a piece of art of Michael Whelan,Michael Whelan,2401
811,generic_artists_prompts,an image in the style ofa reproduction of the famous art of Michael Whelan,Michael Whelan,4428
812,generic_artists_prompts,a design of Tyler Edlin,Tyler Edlin,4793
813,generic_artists_prompts,a painting of Tyler Edlin,Tyler Edlin,3802
814,generic_artists_prompts,a piece of art of Tyler Edlin,Tyler Edlin,8668
815,generic_artists_prompts,an image in the style ofa reproduction of the famous art of Tyler Edlin,Tyler Edlin,4668
816,generic_artists_prompts,a design of John Blanche,John Blanche,8852
817,generic_artists_prompts,a painting of John Blanche,John Blanche,9730
818,generic_artists_prompts,a piece of art of John Blanche,John Blanche,8073
819,generic_artists_prompts,an image in the style ofa reproduction of the famous art of John Blanche,John Blanche,8824
820,generic_artists_prompts,a design of Simon Stålenhag,Simon Stålenhag,5868
821,generic_artists_prompts,a painting of Simon Stålenhag,Simon Stålenhag,9074
822,generic_artists_prompts,a piece of art of Simon Stålenhag,Simon Stålenhag,8961
823,generic_artists_prompts,an image in the style ofa reproduction of the famous art of Simon Stålenhag,Simon Stålenhag,8
824,generic_artists_prompts,a design of Kilian Eng,Kilian Eng,6593
825,generic_artists_prompts,a painting of Kilian Eng,Kilian Eng,1683
826,generic_artists_prompts,a piece of art of Kilian Eng,Kilian Eng,1337
827,generic_artists_prompts,an image in the style ofa reproduction of the famous art of Kilian Eng,Kilian Eng,2265
828,generic_artists_prompts,a design of Gabriel Ba,Gabriel Ba,913
829,generic_artists_prompts,a painting of Gabriel Ba,Gabriel Ba,3664
830,generic_artists_prompts,a piece of art of Gabriel Ba,Gabriel Ba,5268
831,generic_artists_prompts,an image in the style ofa reproduction of the famous art of Gabriel Ba,Gabriel Ba,7452
832,generic_artists_prompts,a design of Abigail Larson,Abigail Larson,6116
833,generic_artists_prompts,a painting of Abigail Larson,Abigail Larson,9030
834,generic_artists_prompts,a piece of art of Abigail Larson,Abigail Larson,6190
835,generic_artists_prompts,an image in the style ofa reproduction of the famous art of Abigail Larson,Abigail Larson,83
836,generic_artists_prompts,a design of Ajin: Demi-Human,Ajin: Demi-Human,373
837,generic_artists_prompts,a painting of Ajin: Demi-Human,Ajin: Demi-Human,2359
838,generic_artists_prompts,a piece of art of Ajin: Demi-Human,Ajin: Demi-Human,5079
839,generic_artists_prompts,an image in the style ofa reproduction of the famous art of Ajin: Demi-Human,Ajin: Demi-Human,4714
840,generic_artists_prompts,a design of Alec Soth,Alec Soth,5765
841,generic_artists_prompts,a painting of Alec Soth,Alec Soth,1205
842,generic_artists_prompts,a piece of art of Alec Soth,Alec Soth,5077
843,generic_artists_prompts,an image in the style ofa reproduction of the famous art of Alec Soth,Alec Soth,1413
844,generic_artists_prompts,a design of Alena Aenami,Alena Aenami,7705
845,generic_artists_prompts,a painting of Alena Aenami,Alena Aenami,7646
846,generic_artists_prompts,a piece of art of Alena Aenami,Alena Aenami,3108
847,generic_artists_prompts,an image in the style ofa reproduction of the famous art of Alena Aenami,Alena Aenami,9244
848,generic_artists_prompts,a design of Alvaro Siza Vieira,Alvaro Siza Vieira,6994
849,generic_artists_prompts,a painting of Alvaro Siza Vieira,Alvaro Siza Vieira,6873
850,generic_artists_prompts,a piece of art of Alvaro Siza Vieira,Alvaro Siza Vieira,8000
851,generic_artists_prompts,an image in the style ofa reproduction of the famous art of Alvaro Siza Vieira,Alvaro Siza Vieira,5951
852,generic_artists_prompts,a design of André Kertész,André Kertész,7304
853,generic_artists_prompts,a painting of André Kertész,André Kertész,2774
854,generic_artists_prompts,a piece of art of André Kertész,André Kertész,6880
855,generic_artists_prompts,an image in the style ofa reproduction of the famous art of André Kertész,André Kertész,8292
856,generic_artists_prompts,a design of Asaf Hanuka,Asaf Hanuka,5869
857,generic_artists_prompts,a painting of Asaf Hanuka,Asaf Hanuka,8681
858,generic_artists_prompts,a piece of art of Asaf Hanuka,Asaf Hanuka,4527
859,generic_artists_prompts,an image in the style ofa reproduction of the famous art of Asaf Hanuka,Asaf Hanuka,7053
860,generic_artists_prompts,a design of Bridget Riley,Bridget Riley,840
861,generic_artists_prompts,a painting of Bridget Riley,Bridget Riley,4983
862,generic_artists_prompts,a piece of art of Bridget Riley,Bridget Riley,4155
863,generic_artists_prompts,an image in the style ofa reproduction of the famous art of Bridget Riley,Bridget Riley,8861
864,generic_artists_prompts,a design of Glen Keane,Glen Keane,2240
865,generic_artists_prompts,a painting of Glen Keane,Glen Keane,2323
866,generic_artists_prompts,a piece of art of Glen Keane,Glen Keane,7136
867,generic_artists_prompts,an image in the style ofa reproduction of the famous art of Glen Keane,Glen Keane,2262
868,generic_artists_prompts,a design of John Constable,John Constable,752
869,generic_artists_prompts,a painting of John Constable,John Constable,6316
870,generic_artists_prompts,a piece of art of John Constable,John Constable,6873
871,generic_artists_prompts,an image in the style ofa reproduction of the famous art of John Constable,John Constable,5278
872,generic_artists_prompts,a design of Andy Warhol,Andy Warhol,6336
873,generic_artists_prompts,a painting of Andy Warhol,Andy Warhol,5790
874,generic_artists_prompts,a piece of art of Andy Warhol,Andy Warhol,8438
875,generic_artists_prompts,an image in the style ofa reproduction of the famous art of Andy Warhol,Andy Warhol,5346
876,generic_artists_prompts,a design of Kirbi Fagan,Kirbi Fagan,3682
877,generic_artists_prompts,a painting of Kirbi Fagan,Kirbi Fagan,6522
878,generic_artists_prompts,a piece of art of Kirbi Fagan,Kirbi Fagan,3058
879,generic_artists_prompts,an image in the style ofa reproduction of the famous art of Kirbi Fagan,Kirbi Fagan,2276
880,generic_artists_prompts,a design of Nicky Boehme,Nicky Boehme,279
881,generic_artists_prompts,a painting of Nicky Boehme,Nicky Boehme,8322
882,generic_artists_prompts,a piece of art of Nicky Boehme,Nicky Boehme,1508
883,generic_artists_prompts,an image in the style ofa reproduction of the famous art of Nicky Boehme,Nicky Boehme,4698
884,generic_artists_prompts,a design of Tokyo Ghoul,Tokyo Ghoul,1212
885,generic_artists_prompts,a painting of Tokyo Ghoul,Tokyo Ghoul,7260
886,generic_artists_prompts,a piece of art of Tokyo Ghoul,Tokyo Ghoul,7582
887,generic_artists_prompts,an image in the style ofa reproduction of the famous art of Tokyo Ghoul,Tokyo Ghoul,1524
888,generic_artists_prompts,a design of Muhammad Nafay,Muhammad Nafay,4249
889,generic_artists_prompts,a painting of Muhammad Nafay,Muhammad Nafay,7447
890,generic_artists_prompts,a piece of art of Muhammad Nafay,Muhammad Nafay,2740
891,generic_artists_prompts,an image in the style ofa reproduction of the famous art of Muhammad Nafay,Muhammad Nafay,9751
892,generic_artists_prompts,a design of Feng Zhu,Feng Zhu,9306
893,generic_artists_prompts,a painting of Feng Zhu,Feng Zhu,1211
894,generic_artists_prompts,a piece of art of Feng Zhu,Feng Zhu,3240
895,generic_artists_prompts,an image in the style ofa reproduction of the famous art of Feng Zhu,Feng Zhu,6230
896,generic_artists_prompts,a design of Jean Giraud,Jean Giraud,7462
897,generic_artists_prompts,a painting of Jean Giraud,Jean Giraud,5236
898,generic_artists_prompts,a piece of art of Jean Giraud,Jean Giraud,365
899,generic_artists_prompts,an image in the style ofa reproduction of the famous art of Jean Giraud,Jean Giraud,5538
900,generic_artists_prompts,a design of Kelly Mckernan,Kelly Mckernan,6981
901,generic_artists_prompts,a painting of Kelly Mckernan,Kelly Mckernan,9379
902,generic_artists_prompts,a piece of art of Kelly Mckernan,Kelly Mckernan,8352
903,generic_artists_prompts,an image in the style ofa reproduction of the famous art of Kelly Mckernan,Kelly Mckernan,6865
904,generic_artists_prompts,a design of Thomas Kinkade,Thomas Kinkade,9109
905,generic_artists_prompts,a painting of Thomas Kinkade,Thomas Kinkade,4795
906,generic_artists_prompts,a piece of art of Thomas Kinkade,Thomas Kinkade,6035
907,generic_artists_prompts,an image in the style ofa reproduction of the famous art of Thomas Kinkade,Thomas Kinkade,1399
908,generic_artists_prompts,a design of Michael Whelan,Michael Whelan,9662
909,generic_artists_prompts,a painting of Michael Whelan,Michael Whelan,7795
910,generic_artists_prompts,a piece of art of Michael Whelan,Michael Whelan,4728
911,generic_artists_prompts,an image in the style ofa reproduction of the famous art of Michael Whelan,Michael Whelan,2274
912,generic_artists_prompts,a design of Tyler Edlin,Tyler Edlin,654
913,generic_artists_prompts,a painting of Tyler Edlin,Tyler Edlin,478
914,generic_artists_prompts,a piece of art of Tyler Edlin,Tyler Edlin,5427
915,generic_artists_prompts,an image in the style ofa reproduction of the famous art of Tyler Edlin,Tyler Edlin,7563
916,generic_artists_prompts,a design of John Blanche,John Blanche,1080
917,generic_artists_prompts,a painting of John Blanche,John Blanche,3136
918,generic_artists_prompts,a piece of art of John Blanche,John Blanche,6757
919,generic_artists_prompts,an image in the style ofa reproduction of the famous art of John Blanche,John Blanche,9551
920,generic_artists_prompts,a design of Simon Stålenhag,Simon Stålenhag,2126
921,generic_artists_prompts,a painting of Simon Stålenhag,Simon Stålenhag,9283
922,generic_artists_prompts,a piece of art of Simon Stålenhag,Simon Stålenhag,9455
923,generic_artists_prompts,an image in the style ofa reproduction of the famous art of Simon Stålenhag,Simon Stålenhag,3174
924,generic_artists_prompts,a design of Kilian Eng,Kilian Eng,9737
925,generic_artists_prompts,a painting of Kilian Eng,Kilian Eng,1284
926,generic_artists_prompts,a piece of art of Kilian Eng,Kilian Eng,2922
927,generic_artists_prompts,an image in the style ofa reproduction of the famous art of Kilian Eng,Kilian Eng,4793
928,generic_artists_prompts,a design of Gabriel Ba,Gabriel Ba,8493
929,generic_artists_prompts,a painting of Gabriel Ba,Gabriel Ba,4245
930,generic_artists_prompts,a piece of art of Gabriel Ba,Gabriel Ba,7833
931,generic_artists_prompts,an image in the style ofa reproduction of the famous art of Gabriel Ba,Gabriel Ba,7446
932,generic_artists_prompts,a design of Abigail Larson,Abigail Larson,6522
933,generic_artists_prompts,a painting of Abigail Larson,Abigail Larson,9140
934,generic_artists_prompts,a piece of art of Abigail Larson,Abigail Larson,9695
935,generic_artists_prompts,an image in the style ofa reproduction of the famous art of Abigail Larson,Abigail Larson,3679
936,generic_artists_prompts,a design of Ajin: Demi-Human,Ajin: Demi-Human,3138
937,generic_artists_prompts,a painting of Ajin: Demi-Human,Ajin: Demi-Human,1097
938,generic_artists_prompts,a piece of art of Ajin: Demi-Human,Ajin: Demi-Human,558
939,generic_artists_prompts,an image in the style ofa reproduction of the famous art of Ajin: Demi-Human,Ajin: Demi-Human,4736
940,generic_artists_prompts,a design of Alec Soth,Alec Soth,9924
941,generic_artists_prompts,a painting of Alec Soth,Alec Soth,9579
942,generic_artists_prompts,a piece of art of Alec Soth,Alec Soth,9583
943,generic_artists_prompts,an image in the style ofa reproduction of the famous art of Alec Soth,Alec Soth,4459
944,generic_artists_prompts,a design of Alena Aenami,Alena Aenami,6627
945,generic_artists_prompts,a painting of Alena Aenami,Alena Aenami,6474
946,generic_artists_prompts,a piece of art of Alena Aenami,Alena Aenami,9023
947,generic_artists_prompts,an image in the style ofa reproduction of the famous art of Alena Aenami,Alena Aenami,8537
948,generic_artists_prompts,a design of Alvaro Siza Vieira,Alvaro Siza Vieira,6101
949,generic_artists_prompts,a painting of Alvaro Siza Vieira,Alvaro Siza Vieira,3781
950,generic_artists_prompts,a piece of art of Alvaro Siza Vieira,Alvaro Siza Vieira,7517
951,generic_artists_prompts,an image in the style ofa reproduction of the famous art of Alvaro Siza Vieira,Alvaro Siza Vieira,7465
952,generic_artists_prompts,a design of André Kertész,André Kertész,1339
953,generic_artists_prompts,a painting of André Kertész,André Kertész,3741
954,generic_artists_prompts,a piece of art of André Kertész,André Kertész,6937
955,generic_artists_prompts,an image in the style ofa reproduction of the famous art of André Kertész,André Kertész,8016
956,generic_artists_prompts,a design of Asaf Hanuka,Asaf Hanuka,2612
957,generic_artists_prompts,a painting of Asaf Hanuka,Asaf Hanuka,3956
958,generic_artists_prompts,a piece of art of Asaf Hanuka,Asaf Hanuka,1693
959,generic_artists_prompts,an image in the style ofa reproduction of the famous art of Asaf Hanuka,Asaf Hanuka,5080
960,generic_artists_prompts,a design of Bridget Riley,Bridget Riley,9107
961,generic_artists_prompts,a painting of Bridget Riley,Bridget Riley,241
962,generic_artists_prompts,a piece of art of Bridget Riley,Bridget Riley,60
963,generic_artists_prompts,an image in the style ofa reproduction of the famous art of Bridget Riley,Bridget Riley,1230
964,generic_artists_prompts,a design of Glen Keane,Glen Keane,7120
965,generic_artists_prompts,a painting of Glen Keane,Glen Keane,7334
966,generic_artists_prompts,a piece of art of Glen Keane,Glen Keane,8813
967,generic_artists_prompts,an image in the style ofa reproduction of the famous art of Glen Keane,Glen Keane,2506
968,generic_artists_prompts,a design of John Constable,John Constable,3530
969,generic_artists_prompts,a painting of John Constable,John Constable,346
970,generic_artists_prompts,a piece of art of John Constable,John Constable,9181
971,generic_artists_prompts,an image in the style ofa reproduction of the famous art of John Constable,John Constable,9126
972,generic_artists_prompts,a design of Andy Warhol,Andy Warhol,8787
973,generic_artists_prompts,a painting of Andy Warhol,Andy Warhol,1927
974,generic_artists_prompts,a piece of art of Andy Warhol,Andy Warhol,3835
975,generic_artists_prompts,an image in the style ofa reproduction of the famous art of Andy Warhol,Andy Warhol,9266
976,generic_artists_prompts,a design of Kirbi Fagan,Kirbi Fagan,8146
977,generic_artists_prompts,a painting of Kirbi Fagan,Kirbi Fagan,113
978,generic_artists_prompts,a piece of art of Kirbi Fagan,Kirbi Fagan,3054
979,generic_artists_prompts,an image in the style ofa reproduction of the famous art of Kirbi Fagan,Kirbi Fagan,2176
980,generic_artists_prompts,a design of Nicky Boehme,Nicky Boehme,5035
981,generic_artists_prompts,a painting of Nicky Boehme,Nicky Boehme,5640
982,generic_artists_prompts,a piece of art of Nicky Boehme,Nicky Boehme,9022
983,generic_artists_prompts,an image in the style ofa reproduction of the famous art of Nicky Boehme,Nicky Boehme,258
984,generic_artists_prompts,a design of Tokyo Ghoul,Tokyo Ghoul,4702
985,generic_artists_prompts,a painting of Tokyo Ghoul,Tokyo Ghoul,6446
986,generic_artists_prompts,a piece of art of Tokyo Ghoul,Tokyo Ghoul,1158
987,generic_artists_prompts,an image in the style ofa reproduction of the famous art of Tokyo Ghoul,Tokyo Ghoul,5452
988,generic_artists_prompts,a design of Muhammad Nafay,Muhammad Nafay,7827
989,generic_artists_prompts,a painting of Muhammad Nafay,Muhammad Nafay,7565
990,generic_artists_prompts,a piece of art of Muhammad Nafay,Muhammad Nafay,9464
991,generic_artists_prompts,an image in the style ofa reproduction of the famous art of Muhammad Nafay,Muhammad Nafay,612
992,generic_artists_prompts,a design of Feng Zhu,Feng Zhu,5961
993,generic_artists_prompts,a painting of Feng Zhu,Feng Zhu,6127
994,generic_artists_prompts,a piece of art of Feng Zhu,Feng Zhu,8265
995,generic_artists_prompts,an image in the style ofa reproduction of the famous art of Feng Zhu,Feng Zhu,1246
996,generic_artists_prompts,a design of Jean Giraud,Jean Giraud,7110
997,generic_artists_prompts,a painting of Jean Giraud,Jean Giraud,9981
998,generic_artists_prompts,a piece of art of Jean Giraud,Jean Giraud,8223
999,generic_artists_prompts,an image in the style ofa reproduction of the famous art of Jean Giraud,Jean Giraud,66
